{
  "best_global_step": null,
  "best_metric": null,
  "best_model_checkpoint": null,
  "epoch": 3.0,
  "eval_steps": 500,
  "global_step": 81,
  "is_hyper_param_search": false,
  "is_local_process_zero": true,
  "is_world_process_zero": true,
  "log_history": [
    {
      "entropy": 0.390625062584877,
      "epoch": 0.19047619047619047,
      "grad_norm": 1.0078125,
      "learning_rate": 1.6000000000000003e-05,
      "logits/chosen": -1.6605369144494877,
      "logits/rejected": -1.8598108299261888,
      "logps/chosen": -132.85703201293944,
      "logps/rejected": -260.5642120361328,
      "loss": 0.32100186347961424,
      "mean_token_accuracy": 0.7757981359958649,
      "num_tokens": 52617.0,
      "rewards/accuracies": 0.59375,
      "rewards/chosen": 2.1115459382534025,
      "rewards/margins": 4.116423630714417,
      "rewards/rejected": -2.004877597093582,
      "step": 5
    },
    {
      "entropy": 0.35140655040740965,
      "epoch": 0.38095238095238093,
      "grad_norm": 0.00014209747314453125,
      "learning_rate": 1.9863613034027224e-05,
      "logits/chosen": -1.6095600917890394,
      "logits/rejected": -1.799777545193652,
      "logps/chosen": -75.63796997070312,
      "logps/rejected": -346.08396911621094,
      "loss": 0.0003202818799763918,
      "mean_token_accuracy": 0.8347269773483277,
      "num_tokens": 103735.0,
      "rewards/accuracies": 1.0,
      "rewards/chosen": 7.2541930913925174,
      "rewards/margins": 18.309899711608885,
      "rewards/rejected": -11.05570662021637,
      "step": 10
    },
    {
      "entropy": 0.3209085360169411,
      "epoch": 0.5714285714285714,
      "grad_norm": 4.4405460357666016e-06,
      "learning_rate": 1.9315910880512792e-05,
      "logits/chosen": -1.5934754747188677,
      "logits/rejected": -1.5763084469886597,
      "logps/chosen": -69.21771869659423,
      "logps/rejected": -408.26220855712893,
      "loss": 6.420202553272247e-05,
      "mean_token_accuracy": 0.8540722340345382,
      "num_tokens": 155616.0,
      "rewards/accuracies": 1.0,
      "rewards/chosen": 8.506363868713379,
      "rewards/margins": 25.66200065612793,
      "rewards/rejected": -17.155636739730834,
      "step": 15
    },
    {
      "entropy": 0.30664249807596206,
      "epoch": 0.7619047619047619,
      "grad_norm": 1.4156103134155273e-06,
      "learning_rate": 1.8371664782625287e-05,
      "logits/chosen": -1.4780896944164739,
      "logits/rejected": -1.40013799400396,
      "logps/chosen": -65.60167407989502,
      "logps/rejected": -437.7746047973633,
      "loss": 2.9206336193965398e-08,
      "mean_token_accuracy": 0.8495602667331695,
      "num_tokens": 207274.0,
      "rewards/accuracies": 1.0,
      "rewards/chosen": 8.263587880134583,
      "rewards/margins": 28.24240427017212,
      "rewards/rejected": -19.978816413879393,
      "step": 20
    },
    {
      "entropy": 0.3030865803360939,
      "epoch": 0.9523809523809523,
      "grad_norm": 3.129243850708008e-06,
      "learning_rate": 1.7071067811865477e-05,
      "logits/chosen": -1.4719239524243457,
      "logits/rejected": -1.241604481221896,
      "logps/chosen": -73.86383380889893,
      "logps/rejected": -461.9271957397461,
      "loss": 1.5390433816264704e-08,
      "mean_token_accuracy": 0.8444641709327698,
      "num_tokens": 259607.0,
      "rewards/accuracies": 1.0,
      "rewards/chosen": 8.165441489219665,
      "rewards/margins": 30.44498805999756,
      "rewards/rejected": -22.2795467376709,
      "step": 25
    },
    {
      "epoch": 1.0,
      "eval_entropy": 0.2972036115825176,
      "eval_logits/chosen": -1.4286424240096895,
      "eval_logits/rejected": -1.1989468045827039,
      "eval_logps/chosen": -75.84331671396892,
      "eval_logps/rejected": -498.78108469645184,
      "eval_loss": 2.7286799486603286e-09,
      "eval_mean_token_accuracy": 0.841481477022171,
      "eval_num_tokens": 271192.0,
      "eval_rewards/accuracies": 1.0,
      "eval_rewards/chosen": 7.48477303981781,
      "eval_rewards/margins": 32.72854200998942,
      "eval_rewards/rejected": -25.24376900990804,
      "eval_runtime": 6.7874,
      "eval_samples_per_second": 13.849,
      "eval_steps_per_second": 1.768,
      "step": 27
    },
    {
      "entropy": 0.28641323306981253,
      "epoch": 1.1142857142857143,
      "grad_norm": 1.4379620552062988e-06,
      "learning_rate": 1.5469481581224274e-05,
      "logits/chosen": -1.4190924001048877,
      "logits/rejected": -1.1928130779703532,
      "logps/chosen": -64.44020282520967,
      "logps/rejected": -455.6181407255285,
      "loss": 2.2664499610414167e-09,
      "mean_token_accuracy": 0.8548084707821116,
      "num_tokens": 301313.0,
      "rewards/accuracies": 1.0,
      "rewards/chosen": 8.230191202724681,
      "rewards/margins": 30.68222696640912,
      "rewards/rejected": -22.452035567339728,
      "step": 30
    },
    {
      "entropy": 0.3071951113641262,
      "epoch": 1.3047619047619048,
      "grad_norm": 3.814697265625e-06,
      "learning_rate": 1.3635079705638298e-05,
      "logits/chosen": -1.397484177812014,
      "logits/rejected": -1.182554415484726,
      "logps/chosen": -73.58066272735596,
      "logps/rejected": -485.2174041748047,
      "loss": 2.19850129212773e-09,
      "mean_token_accuracy": 0.8385629057884216,
      "num_tokens": 352814.0,
      "rewards/accuracies": 1.0,
      "rewards/chosen": 7.7558510303497314,
      "rewards/margins": 31.96954526901245,
      "rewards/rejected": -24.213694286346435,
      "step": 35
    },
    {
      "entropy": 0.2894718490540981,
      "epoch": 1.4952380952380953,
      "grad_norm": 1.1771917343139648e-06,
      "learning_rate": 1.164594590280734e-05,
      "logits/chosen": -1.432692057842997,
      "logits/rejected": -1.1487599440457743,
      "logps/chosen": -78.51837730407715,
      "logps/rejected": -486.2814224243164,
      "loss": 3.057791886362793e-09,
      "mean_token_accuracy": 0.8445647269487381,
      "num_tokens": 405109.0,
      "rewards/accuracies": 1.0,
      "rewards/chosen": 7.2762349367141725,
      "rewards/margins": 32.05322494506836,
      "rewards/rejected": -24.776990032196046,
      "step": 40
    },
    {
      "entropy": 0.28526607230305673,
      "epoch": 1.6857142857142857,
      "grad_norm": 1.2889504432678223e-06,
      "learning_rate": 9.586750257511868e-06,
      "logits/chosen": -1.4058479709799307,
      "logits/rejected": -1.127693688045204,
      "logps/chosen": -72.54361267089844,
      "logps/rejected": -490.22863006591797,
      "loss": 3.4121761416372463e-09,
      "mean_token_accuracy": 0.8528454810380935,
      "num_tokens": 457399.0,
      "rewards/accuracies": 1.0,
      "rewards/chosen": 7.88122410774231,
      "rewards/margins": 32.93876209259033,
      "rewards/rejected": -25.057537460327147,
      "step": 45
    },
    {
      "entropy": 0.3100809805095196,
      "epoch": 1.8761904761904762,
      "grad_norm": 1.5348196029663086e-06,
      "learning_rate": 7.545145128592009e-06,
      "logits/chosen": -1.4064590869255889,
      "logits/rejected": -1.169548905615679,
      "logps/chosen": -77.06589069366456,
      "logps/rejected": -478.7322113037109,
      "loss": 1.122984372159408e-09,
      "mean_token_accuracy": 0.8420789748430252,
      "num_tokens": 509619.0,
      "rewards/accuracies": 1.0,
      "rewards/chosen": 7.851421451568603,
      "rewards/margins": 32.148673629760744,
      "rewards/rejected": -24.29725217819214,
      "step": 50
    },
    {
      "epoch": 2.0,
      "eval_entropy": 0.29772767424583435,
      "eval_logits/chosen": -1.4033323766615233,
      "eval_logits/rejected": -1.1370893575626966,
      "eval_logps/chosen": -79.13392861684163,
      "eval_logps/rejected": -508.46363067626953,
      "eval_loss": 1.9453676447511725e-09,
      "eval_mean_token_accuracy": 0.8380761245886484,
      "eval_num_tokens": 542384.0,
      "eval_rewards/accuracies": 1.0,
      "eval_rewards/chosen": 7.1557120482126875,