{
  "best_global_step": 225,
  "best_metric": 2.918283170671998e-09,
  "best_model_checkpoint": "/content/contractsense_dpo/models/dpo_aligned_model/checkpoint-225",
  "epoch": 1.0,
  "eval_steps": 500,
  "global_step": 225,
  "is_hyper_param_search": false,
  "is_local_process_zero": true,
  "is_world_process_zero": true,
  "log_history": [
    {
      "entropy": 1.5355424404144287,
      "epoch": 0.044444444444444446,
      "grad_norm": 0.1025390625,
      "learning_rate": 1e-05,
      "logits/chosen": -2.9246913667823096,
      "logits/rejected": -3.1335586001353812,
      "logps/chosen": -328.31385650634763,
      "logps/rejected": -134.312260055542,
      "loss": 0.286192798614502,
      "mean_token_accuracy": 0.31456619054079055,
      "num_tokens": 20696.0,
      "rewards/accuracies": 0.8,
      "rewards/chosen": 2.158440478146076,
      "rewards/margins": 2.440574210137129,
      "rewards/rejected": -0.28213377520442007,
      "step": 10
    },
    {
      "entropy": 1.7804545402526855,
      "epoch": 0.08888888888888889,
      "grad_norm": 5.626678466796875e-05,
      "learning_rate": 2.111111111111111e-05,
      "logits/chosen": -2.982818360802078,
      "logits/rejected": -3.1065950642937947,
      "logps/chosen": -238.56477966308594,
      "logps/rejected": -154.3576347351074,
      "loss": 2.7830680483020843e-05,
      "mean_token_accuracy": 0.392735593020916,
      "num_tokens": 41534.0,
      "rewards/accuracies": 1.0,
      "rewards/chosen": 11.25243012905121,
      "rewards/margins": 13.57141079902649,
      "rewards/rejected": -2.3189803183078768,
      "step": 20
    },
    {
      "entropy": 1.895777666568756,
      "epoch": 0.13333333333333333,
      "grad_norm": 8.270144462585449e-07,
      "learning_rate": 3.222222222222223e-05,
      "logits/chosen": -3.0013982352070303,
      "logits/rejected": -3.090338664032137,
      "logps/chosen": -199.29117126464843,
      "logps/rejected": -168.50165176391602,
      "loss": 6.179572551445744e-08,
      "mean_token_accuracy": 0.4380179107189178,
      "num_tokens": 62409.0,
      "rewards/accuracies": 1.0,
      "rewards/chosen": 15.047594833374024,
      "rewards/margins": 18.678474378585815,
      "rewards/rejected": -3.630879545211792,
      "step": 30
    },
    {
      "entropy": 1.9933374226093292,
      "epoch": 0.17777777777777778,
      "grad_norm": 3.296881914138794e-07,
      "learning_rate": 4.3333333333333334e-05,
      "logits/chosen": -3.0122566531929555,
      "logits/rejected": -3.10747678071746,
      "logps/chosen": -187.66205520629882,
      "logps/rejected": -171.37444076538085,
      "loss": 4.610410897498696e-09,
      "mean_token_accuracy": 0.4534978806972504,
      "num_tokens": 83105.0,
      "rewards/accuracies": 1.0,
      "rewards/chosen": 16.34664077758789,
      "rewards/margins": 20.366862201690672,
      "rewards/rejected": -4.0202218890190125,
      "step": 40
    },
    {
      "entropy": 1.9684496760368346,
      "epoch": 0.2222222222222222,
      "grad_norm": 3.03611159324646e-07,
      "learning_rate": 4.998796669702378e-05,
      "logits/chosen": -2.9907955442124394,
      "logits/rejected": -3.0684364497719754,
      "logps/chosen": -181.0620315551758,
      "logps/rejected": -175.68735427856444,
      "loss": 2.766731732606331e-09,
      "mean_token_accuracy": 0.4718759089708328,
      "num_tokens": 103960.0,
      "rewards/accuracies": 1.0,
      "rewards/chosen": 16.89348659515381,
      "rewards/margins": 21.113752365112305,
      "rewards/rejected": -4.220265734195709,
      "step": 50
    },
    {
      "entropy": 1.9681620478630066,
      "epoch": 0.26666666666666666,
      "grad_norm": 2.384185791015625e-07,
      "learning_rate": 4.985272503867403e-05,
      "logits/chosen": -3.0068266005166953,
      "logits/rejected": -3.0866879542057974,
      "logps/chosen": -180.05665130615233,
      "logps/rejected": -176.09757461547852,
      "loss": 1.8916557209536222e-09,
      "mean_token_accuracy": 0.4727999553084373,
      "num_tokens": 124908.0,
      "rewards/accuracies": 1.0,
      "rewards/chosen": 17.122915935516357,
      "rewards/margins": 21.291412162780762,
      "rewards/rejected": -4.1684964299201965,
      "step": 60
    },
    {
      "entropy": 1.9742123246192933,
      "epoch": 0.3111111111111111,
      "grad_norm": 8.242204785346985e-08,
      "learning_rate": 4.9568016167660334e-05,
      "logits/chosen": -2.9897314062568956,
      "logits/rejected": -3.0642427008636632,
      "logps/chosen": -177.38462524414064,
      "logps/rejected": -176.16455688476563,
      "loss": 1.767724455703501e-09,
      "mean_token_accuracy": 0.47454665005207064,
      "num_tokens": 145816.0,
      "rewards/accuracies": 1.0,
      "rewards/chosen": 17.420973682403563,
      "rewards/margins": 21.67062826156616,
      "rewards/rejected": -4.249654614925385,
      "step": 70
    },
    {
      "entropy": 1.9810154378414153,
      "epoch": 0.35555555555555557,
      "grad_norm": 2.60770320892334e-07,
      "learning_rate": 4.913555235663305e-05,
      "logits/chosen": -3.0114446740085463,
      "logits/rejected": -3.102854746333731,
      "logps/chosen": -179.28816757202148,
      "logps/rejected": -176.64581298828125,
      "loss": 1.6158374194219504e-09,
      "mean_token_accuracy": 0.4684703812003136,
      "num_tokens": 166540.0,
      "rewards/accuracies": 1.0,
      "rewards/chosen": 17.39765033721924,
      "rewards/margins": 21.55276231765747,
      "rewards/rejected": -4.155112099647522,
      "step": 80
    },
    {
      "entropy": 1.9947477996349334,
      "epoch": 0.4,
      "grad_norm": 8.288770914077759e-08,
      "learning_rate": 4.855793449383731e-05,
      "logits/chosen": -3.003096789621012,
      "logits/rejected": -3.0846279700140116,
      "logps/chosen": -179.45389099121093,
      "logps/rejected": -175.2050582885742,
      "loss": 1.3287348998858306e-09,
      "mean_token_accuracy": 0.4654980361461639,
      "num_tokens": 187427.0,
      "rewards/accuracies": 1.0,
      "rewards/chosen": 17.624534320831298,
      "rewards/margins": 21.68381509780884,
      "rewards/rejected": -4.059280872344971,
      "step": 90
    },
    {
      "entropy": 1.9929273545742034,
      "epoch": 0.4444444444444444,
      "grad_norm": 2.4028122425079346e-07,
      "learning_rate": 4.783863644106502e-05,
      "logits/chosen": -3.009937687586653,
      "logits/rejected": -3.0827679951759293,
      "logps/chosen": -179.9687187194824,
      "logps/rejected": -174.4641014099121,
      "loss": 1.5549513676660354e-09,
      "mean_token_accuracy": 0.4672777518630028,
      "num_tokens": 208115.0,
      "rewards/accuracies": 1.0,
      "rewards/chosen": 17.38406205177307,
      "rewards/margins": 21.5735595703125,
      "rewards/rejected": -4.189497256278992,
      "step": 100
    },
    {
      "entropy": 2.011257290840149,
      "epoch": 0.4888888888888889,
      "grad_norm": 1.7415732145309448e-07,
      "learning_rate": 4.698198414144136e-05,
      "logits/chosen": -3.008016121054359,
      "logits/rejected": -3.1011086269902988,
      "logps/chosen": -178.66225509643556,
      "logps/rejected": -174.50622482299804,
      "loss": 2.2567210322677056e-09,
      "mean_token_accuracy": 0.46950296461582186,
      "num_tokens": 228730.0,
      "rewards/accuracies": 1.0,
      "rewards/chosen": 17.007508325576783,
      "rewards/margins": 21.2828161239624,
      "rewards/rejected": -4.275307977199555,
      "step": 110
    },
    {
      "entropy": 1.988429421186447,
      "epoch": 0.5333333333333333,
      "grad_norm": 1.7415732145309448e-07,
      "learning_rate": 4.599312960269375e-05,
      "logits/chosen": -3.0006492536730494,
      "logits/rejected": -3.069948602722895,
      "logps/chosen": -178.33055877685547,
      "logps/rejected": -174.90506820678712,
      "loss": 1.9914422111355635e-09,
      "mean_token_accuracy": 0.47341053038835523,
      "num_tokens": 249482.0,
      "rewards/accuracies": 1.0,
      "rewards/chosen": 16.997334480285645,